{
  "current": {
    "color_text": "#000000",
    "color_body_text": "#000000",
    "color_sale_text": "#df1e3b",
    "color_borders": "#d7d7d7",
    "color_button": "#df1e3b",
    "color_button_text": "#ffffff",
    "color_small_button": "#df1e3b",
    "color_small_button_text": "#df1e3b",
    "color_text_field": "#ffffff",
    "color_text_field_text": "#000",
    "color_image_overlay_text": "#fff",
    "color_image_overlay": "#3d4246",
    "image_overlay_opacity": 25,
    "color_body_bg": "#fff",
    "type_header_family": "Google_Work+Sans_600_sans",
    "type_header_base_size": "26px",
    "type_base_family": "Google_Work+Sans_400_sans",
    "type_base_size": "16px",
    "type_bold_product_titles": false,
    "share_image": "",
    "share_facebook": true,
    "share_twitter": true,
    "share_pinterest": true,
    "social_twitter_link": "https:\/\/twitter.com\/shopify",
    "social_facebook_link": "https:\/\/facebook.com\/shopify",
    "social_pinterest_link": "https:\/\/pinterest.com\/shopify",
    "social_instagram_link": "http:\/\/instagram.com\/shopify",
    "social_tumblr_link": "",
    "social_snapchat_link": "",
    "social_youtube_link": "",
    "social_vimeo_link": "",
    "favicon": "shopify:\/\/shop_images\/favicon.png",
    "checkout_header_image": "",
    "checkout_logo_image": "",
    "checkout_logo_position": "left",
    "checkout_logo_size": "medium",
    "checkout_body_background_image": "",
    "checkout_body_background_color": "#fff",
    "checkout_input_background_color_mode": "white",
    "checkout_sidebar_background_image": "",
    "checkout_sidebar_background_color": "#fafafa",
    "checkout_heading_font": "Helvetica Neue",
    "checkout_body_font": "Helvetica Neue",
    "checkout_accent_color": "#1990c6",
    "checkout_button_color": "#1990c6",
    "checkout_error_color": "#ff6d6d",
    "sections": {
      "header": {
        "type": "header",
        "settings": {
          "align_logo": "left",
          "logo": "shopify:\/\/shop_images\/logo.png",
          "logo_max_width": "124",
          "main_linklist": "main-menu",
          "message": true,
          "home_page_only": false,
          "message_text": "<b>Free Shipping<\/b> on Orders Over $75 + Free Returns In-Store!",
          "message_link": "",
          "color_bg": "#eaeaea",
          "color_text": "#101010",
          "strong_text": "#df1e3b"
        }
      },
      "slideshow": {
        "type": "slideshow",
        "blocks": {
          "slideshow-0": {
            "type": "image",
            "settings": {
              "image": "shopify:\/\/shop_images\/slider.jpg",
              "alignment": "top",
              "title": "TRAINING  SHOES",
              "subheading": "Strength, Versatility & high intensity",
              "button_label": "SHOP NOW",
              "button_link": "shopify:\/\/collections\/accessories"
            }
          }
        },
        "block_order": [
          "slideshow-0"
        ],
        "settings": {
          "autoplay": true,
          "autoplay_speed": "7000",
          "slideshow_height": "small",
          "text_size": "medium"
        }
      },
      "featured-collections": {
        "type": "collection",
        "settings": {
          "title": "FEATURED COLLECTION",
          "collection": "frontpage",
          "grid": 4,
          "rows": 2,
          "show_vendor": false,
          "show_view_all": false
        }
      },
      "footer": {
        "type": "footer",
        "blocks": {
          "1518795307150": {
            "type": "link-list",
            "settings": {
              "width": "one-quarter",
              "headding": "INFORMATION",
              "subheadding": "",
              "footer_linklist": "information",
              "accountsLinks": false,
              "iwish_v2": false,
              "social_icons": false
            }
          },
          "1518795315808": {
            "type": "link-list",
            "settings": {
              "width": "one-quarter",
              "headding": "CUSTOMER SERVICE",
              "subheadding": "",
              "footer_linklist": "customer-service",
              "accountsLinks": false,
              "iwish_v2": false,
              "social_icons": false
            }
          },
          "1518795330346": {
            "type": "link-list",
            "settings": {
              "width": "one-quarter",
              "headding": "PRIVACY & TERMS",
              "subheadding": "",
              "footer_linklist": "privacy-terms",
              "accountsLinks": false,
              "iwish_v2": false,
              "social_icons": false
            }
          },
          "1518795370164": {
            "type": "address",
            "settings": {
              "width": "one-quarter",
              "headding": "GET IN TOUCH",
              "subheadding": "",
              "image": "",
              "store_address": "",
              "hours": "<p>10AM to 6:30PM (Mon to Sat)<\/p>",
              "store_phone": "+91-8130145978",
              "store_direct": "",
              "store_fax": "",
              "store_email": "",
              "social_icons": true
            }
          }
        },
        "block_order": [
          "1518795307150",
          "1518795315808",
          "1518795330346",
          "1518795370164"
        ],
        "settings": {
          "show_payment_icons": false,
          "show_powered": false,
          "show_copyright": true
        }
      },
      "1518529108374": {
        "type": "instagram",
        "settings": {
          "instagram_use": true,
          "accessToken": "3311466850.1677ed0.84b4d7bf4b6f49b4887a8fe93707d9b5",
          "heading_image_need": false,
          "heading_image": "",
          "title": "#TEXASFASHIONDEPOT",
          "title_1_bg": "rgba(0,0,0,0)",
          "title_1_clr": "#000000",
          "text_1": "Show us how you wear your #texasfashiondepot on Instagram and Twitter, or upload your photo below!",
          "text_1_clr": "#000000",
          "sort": "none",
          "use_autoplay": false,
          "use_arrows": true,
          "sidetoshow": "6",
          "overlay": "#ffffff",
          "Button_bg": "#000000",
          "Button_text": "#ffffff",
          "margin": "",
          "padding": ""
        }
      },
      "1518698934737": {
        "type": "tiny-bar",
        "blocks": {
          "1518698934737-0": {
            "type": "featured_collection",
            "settings": {
              "collection": "mens"
            }
          },
          "1518698934737-1": {
            "type": "featured_collection",
            "settings": {
              "collection": "women"
            }
          },
          "1518698934737-2": {
            "type": "featured_collection",
            "settings": {
              "collection": "kids"
            }
          }
        },
        "block_order": [
          "1518698934737-0",
          "1518698934737-1",
          "1518698934737-2"
        ],
        "settings": {}
      },
      "1518777392522": {
        "type": "new-arrival",
        "settings": {
          "image": "shopify:\/\/shop_images\/new-arrival.png",
          "section_title": "New Arrivals",
          "text": "<p>Texasfashiondepot presents running shoes, which will help you give your best during the workout and training sessions.<\/p>",
          "button_label": "SHOP NOW",
          "button_link": "shopify:\/\/collections\/new-arrivals",
          "bgimage": "shopify:\/\/shop_images\/bg-new-arrival.jpg",
          "bgColor": "#fb4c49"
        }
      },
      "1518780105166": {
        "type": "featured-collection-list",
        "blocks": {
          "1518780105166-0": {
            "type": "featured_collection",
            "settings": {
              "image": "shopify:\/\/shop_images\/new-arrival1.jpg",
              "section_title": "RUNNING SHOES",
              "text": "<p>A COMPLETE RANGE OF<\/p>",
              "button_label": "SHOP NOW",
              "button_link": "shopify:\/\/collections\/running-shoes"
            }
          },
          "1518780105166-1": {
            "type": "featured_collection",
            "settings": {
              "image": "shopify:\/\/shop_images\/new-arrival2.jpg",
              "section_title": "OUTDOOR SHOES",
              "text": "<p>A COMPLETE RANGE OF<\/p>",
              "button_label": "SHOP NOW",
              "button_link": "shopify:\/\/collections\/outdoor-shoes"
            }
          },
          "1518780105166-2": {
            "type": "featured_collection",
            "settings": {
              "image": "shopify:\/\/shop_images\/new-arrival3.jpg",
              "section_title": "LIFESTYLE SHOES",
              "text": "<p>A COMPLETE RANGE OF STYLISH<\/p>",
              "button_label": "SHOP NOW",
              "button_link": "shopify:\/\/collections\/lifestyle-shoes"
            }
          }
        },
        "block_order": [
          "1518780105166-0",
          "1518780105166-1",
          "1518780105166-2"
        ],
        "settings": {}
      },
      "cart-template": {
        "type": "cart-template",
        "settings": {
          "cart_notes_enable": false
        }
      },
      "1518793709686": {
        "type": "banner-section-1",
        "settings": {
          "image": "shopify:\/\/shop_images\/banner1.jpg",
          "text": "<p>THE MILESTONE EDITION IS HERE<\/p>",
          "button_label": "SHOP NOW",
          "button_link": "shopify:\/\/collections\/running-shoes"
        }
      },
      "1518793775829": {
        "type": "banner-section-2",
        "settings": {
          "image1": "shopify:\/\/shop_images\/banner2.jpg",
          "title1": "SHOE FINDER",
          "text1": "FIND YOUR BEST  RUNNING SHOE",
          "button_link1": "shopify:\/\/collections\/running-shoes",
          "image2": "shopify:\/\/shop_images\/banner3.jpg",
          "title2": "SHOE DESIGNED",
          "text2": "TO MOVE YOU",
          "button_link2": "shopify:\/\/collections\/lifestyle-shoes"
        }
      },
      "1518794005300": {
        "type": "collection",
        "settings": {
          "title": "BEST SELLERS",
          "collection": "best-sellers",
          "grid": 4,
          "rows": 2,
          "show_vendor": false,
          "show_view_all": false
        }
      },
      "1519120271458": {
        "type": "newsletter",
        "settings": {
          "section_title": "NEWSLETTER <b>SUBSCRIPTION<\/b>",
          "subheading": "Sign up to get exclusive offers from our store? It's Free !",
          "show_background": true
        }
      },
      "collection-template": {
        "type": "collection-template",
        "settings": {
          "layout": "grid",
          "grid": "3",
          "rows": "6",
          "show_view_all": false,
          "show_collection_image": true,
          "show_vendor": false,
          "items_with_count": true,
          "sort_enable": true,
          "tags_enable": false,
          "show_allcollections_widget": true,
          "allcollections_title": "categories",
          "allcollection_linklist": "",
          "enable_sidebar_filtering": true,
          "collection_sidebar_filters": "groups",
          "cat_array": "size,color,",
          "enable_product_count": true,
          "enable_filter_by": false,
          "filter-by_title": "Filter by",
          "show_vendors_widget": false,
          "vendors_widget_title": "Vendors",
          "viewbar": true,
          "viewType": true
        }
      },
      "collection-sidebar": {
        "type": "collection-sidebar",
        "settings": {
          "enable_sidecategory": true,
          "linkedlist_title": "Categories",
          "linkedlist": "categories",
          "enable_shop_by_tags_1": true,
          "shop_by_tags_1_title": "shoe size,brands,type,primary color,secondary color,"
        }
      }
    },
    "content_for_index": [
      "slideshow",
      "1518698934737",
      "1518777392522",
      "1518780105166",
      "featured-collections",
      "1518793709686",
      "1518793775829",
      "1518794005300",
      "1518529108374",
      "1519120271458"
    ]
  },
  "presets": {
    "Default": {
      "color_text": "#3d4246",
      "color_body_text": "#788188",
      "color_sale_text": "#7796A8",
      "color_borders": "#e8e9eb",
      "color_button": "#7796A8",
      "color_button_text": "#fff",
      "color_small_button": "#fff",
      "color_small_button_text": "#3d4246",
      "color_text_field": "#fff",
      "color_text_field_text": "#000",
      "color_image_overlay_text": "#fff",
      "color_image_overlay": "#3d4246",
      "image_overlay_opacity": 25,
      "color_body_bg": "#fff",
      "type_header_family": "Google_Work+Sans_600_sans",
      "type_header_base_size": "26px",
      "type_base_family": "Google_Work+Sans_400_sans",
      "type_base_size": "16px",
      "type_bold_product_titles": false,
      "share_facebook": true,
      "share_twitter": true,
      "share_pinterest": true,
      "sections": {
        "header": {
          "type": "header",
          "settings": {}
        },
        "hero": {
          "type": "hero",
          "settings": {
            "text_size": "large"
          }
        },
        "slideshow": {
          "type": "slideshow",
          "blocks": {
            "slideshow-0": {
              "type": "image",
              "settings": {}
            },
            "slideshow-1": {
              "type": "image",
              "settings": {}
            }
          },
          "block_order": [
            "slideshow-0",
            "slideshow-1"
          ],
          "settings": {}
        },
        "featured-collections": {
          "type": "collection",
          "settings": {
            "collection": "frontpage"
          }
        },
        "feature-row": {
          "type": "feature-row",
          "settings": {}
        },
        "footer": {
          "type": "footer",
          "settings": {}
        }
      },
      "content_for_index": [
        "hero",
        "featured-collections",
        "feature-row",
        "slideshow"
      ]
    },
    "Light": {
      "color_text": "#162950",
      "color_body_text": "#757575",
      "color_sale_text": "#ff574f",
      "color_borders": "#e4e4e4",
      "color_button": "#ff574f",
      "color_button_text": "#ffffff",
      "color_small_button": "#eaeaea",
      "color_small_button_text": "#162950",
      "color_text_field": "#ffffff",
      "color_text_field_text": "#162950",
      "color_image_overlay_text": "#ffffff",
      "color_image_overlay": "#3d3d3d",
      "image_overlay_opacity": 30,
      "color_body_bg": "#f8f8f8",
      "type_header_family": "Google_Muli_600_sans",
      "type_header_base_size": "26px",
      "type_base_family": "Google_Muli_600_sans",
      "type_base_size": "18px",
      "type_bold_product_titles": true,
      "share_facebook": true,
      "share_twitter": true,
      "share_pinterest": true,
      "social_twitter_link": "",
      "social_facebook_link": "",
      "social_pinterest_link": "",
      "social_instagram_link": "",
      "social_tumblr_link": "",
      "social_snapchat_link": "",
      "social_youtube_link": "",
      "social_vimeo_link": "",
      "favicon": "",
      "checkout_header_image": "",
      "checkout_logo_image": "",
      "checkout_logo_position": "left",
      "checkout_logo_size": "small",
      "checkout_body_background_image": "",
      "checkout_body_background_color": "#ffffff",
      "checkout_input_background_color_mode": "white",
      "checkout_sidebar_background_image": "",
      "checkout_sidebar_background_color": "#e8f3f6",
      "checkout_heading_font": "Roboto",
      "checkout_body_font": "Source Sans Pro",
      "checkout_accent_color": "#1990c6",
      "checkout_button_color": "#23314e",
      "checkout_error_color": "#ff6d6d",
      "sections": {
        "header": {
          "type": "header",
          "settings": {
            "align_logo": "left",
            "logo": "",
            "logo_max_width": "135",
            "main_linklist": "main-menu",
            "message": true,
            "color_bg": "#162950",
            "color_text": "#ffffff"
          }
        },
        "hero": {
          "type": "hero",
          "settings": {
            "alignment": "center",
            "hero_size": "x-large",
            "text_size": "large"
          }
        },
        "slideshow": {
          "type": "slideshow",
          "blocks": {
            "slideshow-0": {
              "type": "image",
              "settings": {
                "image": "",
                "alignment": "center"
              }
            },
            "1492095993817": {
              "type": "image",
              "settings": {
                "image": "",
                "alignment": "center"
              }
            }
          },
          "block_order": [
            "slideshow-0",
            "1492095993817"
          ],
          "settings": {
            "autoplay": true,
            "autoplay_speed": "6000",
            "slideshow_height": "medium",
            "text_size": "medium"
          }
        },
        "featured-collections": {
          "type": "collection",
          "settings": {
            "grid": 3,
            "rows": 1,
            "show_vendor": true,
            "show_view_all": true
          }
        },
        "footer": {
          "type": "footer",
          "settings": {
            "show_payment_icons": true
          }
        },
        "product-template": {
          "type": "product-template",
          "settings": {
            "image_size": "medium",
            "show_quantity_selector": false,
            "show_variant_labels": true,
            "show_vendor": false,
            "enable_zoom": true,
            "show_share_buttons": true
          }
        },
        "collection-template": {
          "type": "collection-template",
          "settings": {
            "layout": "grid",
            "grid": "2",
            "rows": "2",
            "show_collection_image": true,
            "show_vendor": false,
            "sort_enable": true,
            "tags_enable": true
          }
        },
        "1492033809691": {
          "type": "map",
          "settings": {}
        },
        "1492033877875": {
          "type": "quotes",
          "blocks": {
            "1492033877875-0": {
              "type": "quote",
              "settings": {}
            }
          },
          "block_order": [
            "1492033877875-0"
          ],
          "settings": {}
        },
        "1492033924902": {
          "type": "custom-content",
          "blocks": {
            "1492033924902-0": {
              "type": "text",
              "settings": {
                "width": "100%",
                "alignment": "center",
                "align_text": "center"
              }
            }
          },
          "block_order": [
            "1492033924902-0"
          ],
          "settings": {
            "title": ""
          }
        },
        "1492096252560": {
          "type": "collection-list",
          "blocks": {
            "1492096252560-0": {
              "type": "featured_collection",
              "settings": {}
            },
            "1492096252560-1": {
              "type": "featured_collection",
              "settings": {}
            },
            "1492096252560-2": {
              "type": "featured_collection",
              "settings": {}
            }
          },
          "block_order": [
            "1492096252560-0",
            "1492096252560-1",
            "1492096252560-2"
          ],
          "settings": {
            "grid": 3
          }
        },
        "blog-template": {
          "type": "blog-template",
          "settings": {
            "layout": "grid",
            "blog_show_author": true,
            "blog_show_date": false
          }
        },
        "article-template": {
          "type": "article-template",
          "settings": {
            "blog_show_author": true,
            "blog_show_date": true,
            "show_share_buttons": true
          }
        },
        "cart-template": {
          "type": "cart-template",
          "settings": {
            "cart_notes_enable": false
          }
        }
      },
      "content_for_index": [
        "hero",
        "featured-collections",
        "slideshow",
        "1492033924902",
        "1492096252560",
        "1492033877875",
        "1492033809691"
      ]
    }
  }
}